goal,Goal/Subgoal,Dataset,Description,Source
CW,TRA,"Marine Litter, Modelled Marine Litter and Trash Data  ",,"<a href=""http://science.sciencemag.org/content/347/6223/768.full.pdf+html"" target = ""_blank"">Plastic waste inputs from land into the ocean(Jambeck et al 2015)</a>"
TRA,TRA,"Marine Litter, Modelled Marine Litter and Trash Data  ",,"<a href=""http://science.sciencemag.org/content/347/6223/768.full.pdf+html"" target = ""_blank"">Plastic waste inputs from land into the ocean(Jambeck et al 2015)</a>"
CW,TRA,"Marine Litter, Litter Exchange Data = (HH and LT) – continuously updated",,"<a href=""https://datras.ices.dk/Data_products/Download/Download_Data_public.aspx"" target = ""_blank"">ICES database (DATRAS)</a>"
TRA,TRA,"Marine Litter, Litter Exchange Data = (HH and LT) – continuously updated",,"<a href=""https://datras.ices.dk/Data_products/Download/Download_Data_public.aspx"" target = ""_blank"">ICES database (DATRAS)</a>"
CW,TRA,"Marine Litter, Litter Assessment Output (OSPAR) = (merged HH, LT, and GIS-info) – updated once a year ",,"<a href=""https://datras.ices.dk/Data_products/Download/Download_Data_public.aspx"" target = ""_blank"">ICES database (DATRAS)</a>"
TRA,TRA,"Marine Litter, Litter Assessment Output (OSPAR) = (merged HH, LT, and GIS-info) – updated once a year ",,"<a href=""https://datras.ices.dk/Data_products/Download/Download_Data_public.aspx"" target = ""_blank"">ICES database (DATRAS)</a>"
CW,TRA,"Marine Litter, Plastic Marine Pollution Global Dataset  ",,"<a href=""http://dx.doi.org/10.6084/m9.figshare.1015289"" target = ""_blank"">Plastic Marine Pollution Global Dataset, shared via figshare</a>"
TRA,TRA,"Marine Litter, Plastic Marine Pollution Global Dataset  ",,"<a href=""http://dx.doi.org/10.6084/m9.figshare.1015289"" target = ""_blank"">Plastic Marine Pollution Global Dataset, shared via figshare</a>"
CW,TRA,"Reference Values, Marine Strategy Framework Directive ",,"<a href=""https://mcc.jrc.ec.europa.eu/main/dev.py?N=28&O=223&titre_chap=D10%20Marine%20litter"" target = ""_blank"">Marine Strategy Framework Directive</a>"
TRA,TRA,"Reference Values, Marine Strategy Framework Directive ",,"<a href=""https://mcc.jrc.ec.europa.eu/main/dev.py?N=28&O=223&titre_chap=D10%20Marine%20litter"" target = ""_blank"">Marine Strategy Framework Directive</a>"
CW,TRA,"Reference Values, Beach litter threshold proposal ",,"<a href=""https://circabc.europa.eu/ui/group/326ae5ac-0419-4167-83ca-e3c210534a69/library/254a8e7b-443f-4889-912a-941889b29cf3/details"" target = ""_blank"">beach litter threshold proposal</a>"
TRA,TRA,"Reference Values, Beach litter threshold proposal ",,"<a href=""https://circabc.europa.eu/ui/group/326ae5ac-0419-4167-83ca-e3c210534a69/library/254a8e7b-443f-4889-912a-941889b29cf3/details"" target = ""_blank"">beach litter threshold proposal</a>"
CS,CS,"Zostera marina Data, Zostera marina observations (LC)",,"<a href=""http://metadata.helcom.fi/geonetwork/srv/eng/catalog.search#/metadata/dd90a6aa-1d65-4158-a2e7-7ca3ee87d615"" target = ""_blank"">HELCOM Map and Data Service</a>"
CS,CS,"Zostera marina Data, Zostera marina distribution",,"<a href=""http://metadata.helcom.fi/geonetwork/srv/eng/catalog.search#/metadata/ca327bb1-d3cb-46c2-8316-f5f62f889090"" target = ""_blank"">HELCOM Map and Data Service</a>"
CS,CS,"Zostera marina Data, Seagrass Meadows",,"<a href=""http://metadata.helcom.fi/geonetwork/srv/eng/catalog.search#/metadata/6a0c8a15-3ff0-48e3-a878-0aa388122867"" target = ""_blank"">HELCOM Map and Data Service</a>"
TR,TR,"Tourism Accommodations Data, Nights spent at tourist accommodation establishments by all NUTS regions",,"<a href=""http://appsso.eurostat.ec.europa.eu/nui/show.do?dataset=tour_occ_nin2&lang=en"" target = ""_blank"">Eurostat database</a>"
TR,TR,"Tourism Accommodations Data, Nights spent at tourist accommodation establishments by coastal and non-coastal area  ",,"<a href=""http://appsso.eurostat.ec.europa.eu/nui/show.do?dataset=tour_occ_nin2c&lang=en,"" target = ""_blank"">Eurostat database</a>"
TR,TR,EU Baltic countries GVA Data,,"<a href=""https://ec.europa.eu/maritimeaffairs/sites/maritimeaffairs/files/2020_06_blueeconomy-2020-ld_final.pdf"" target = ""_blank"">2020 EU Blue economy report</a>"
SP,LSP,"MPA Data, HELCOM MPAs",,"<a href=""http://metadata.helcom.fi/geonetwork/srv/eng/catalog.search#/metadata/d27df8c0-de86-4d13-a06d-35a8f50b16fa"" target = ""_blank"">HELCOM Map and Data Service</a>"
LSP,LSP,"MPA Data, HELCOM MPAs",,"<a href=""http://metadata.helcom.fi/geonetwork/srv/eng/catalog.search#/metadata/d27df8c0-de86-4d13-a06d-35a8f50b16fa"" target = ""_blank"">HELCOM Map and Data Service</a>"
SP,LSP,"MPA Data, MPAs",,"<a href=""http://mpas.helcom.fi/apex/f?p=103:5::::::"" target = ""_blank"">HELCOM Marine Protected Areas database</a>"
LSP,LSP,"MPA Data, MPAs",,"<a href=""http://mpas.helcom.fi/apex/f?p=103:5::::::"" target = ""_blank"">HELCOM Marine Protected Areas database</a>"
SP,LSP,"MPA Data, Management Plans",,"<a href=""http://mpas.helcom.fi/apex/f?p=103:5::::::"" target = ""_blank"">HELCOM Marine Protected Areas database</a>"
LSP,LSP,"MPA Data, Management Plans",,"<a href=""http://mpas.helcom.fi/apex/f?p=103:5::::::"" target = ""_blank"">HELCOM Marine Protected Areas database</a>"
SP,LSP,Reference values,,"<a href=""https://www.cbd.int/sp/targets/rationale/target-11/."" target = ""_blank"">Target 11 - Technical Rationale</a>"
LSP,LSP,Reference values,,"<a href=""https://www.cbd.int/sp/targets/rationale/target-11/."" target = ""_blank"">Target 11 - Technical Rationale</a>"
SP,ICO,"Species Presence, Observations and Red List Assessments",,"<a href=""http://maps.helcom.fi/website/Biodiversity/"" target = ""_blank"">HELCOM Biodiversity Database</a>"
ICO,ICO,"Species Presence, Observations and Red List Assessments",,"<a href=""http://maps.helcom.fi/website/Biodiversity/"" target = ""_blank"">HELCOM Biodiversity Database</a>"
SP,ICO,"Red list (IUCN) information, about Species and their Assessment at HELCOM",,"<a href=""http://maps.helcom.fi/website/Biodiversity/"" target = ""_blank"">HELCOM Biodiversity Database</a>"
ICO,ICO,"Red list (IUCN) information, about Species and their Assessment at HELCOM",,"<a href=""http://maps.helcom.fi/website/Biodiversity/"" target = ""_blank"">HELCOM Biodiversity Database</a>"
SP,ICO,"Species ID, with taxanomic information for each species in HELCOM database",,"<a href=""http://maps.helcom.fi/website/Biodiversity/"" target = ""_blank"">HELCOM Biodiversity Database</a>"
ICO,ICO,"Species ID, with taxanomic information for each species in HELCOM database",,"<a href=""http://maps.helcom.fi/website/Biodiversity/"" target = ""_blank"">HELCOM Biodiversity Database</a>"
AO,AO,Coastal fish Data,,"<a href=""http://www.helcom.fi/helcom-at-work/projects/fish-pro/"" target = ""_blank"">HELCOM FISH-PRO II</a>"
AO,AO,Coastal fish Data,,"<a href=""http://stateofthebalticsea.helcom.fi/wp-content/uploads/2017/07/HELCOM_The_integrated_assessment_of_biodiversity_supplementary_report_first_version_2017.pdf,"" target = ""_blank"">BEAT-tool as developed within HOLAS II</a>"
BD,BD,"Habitats, Integrated biodiversity status assessment - Benthic Habitats",,"<a href=""http://metadata.helcom.fi/geonetwork/srv/eng/catalog.search#/metadata/478d52dd-08b7-4777-b879-8806b1188b27"" target = ""_blank"">HELCOM Metadata catalogue: </a>"
BD,BD,"Habitats, Integrated biodiversity status assessment - Pelagic Habitats",,"<a href=""http://metadata.helcom.fi/geonetwork/srv/eng/catalog.search#/metadata/821b33a7-35b3-489c-93ab-9ef8f4422f2a"" target = ""_blank"">HELCOM Metadata catalogue: </a>"
BD,BD,"Species Groups, Integrated biodiversity status assessment - Fish",,"<a href=""http://metadata.helcom.fi/geonetwork/srv/eng/catalog.search#/metadata/ee20ad8b-c826-4561-b63a-bf203bb481b9"" target = ""_blank"">HELCOM Metadata catalogue: </a>"
BD,BD,"Species Groups, Integrated biodiversity status assessment - Seals",,"<a href=""http://metadata.helcom.fi/geonetwork/srv/eng/catalog.search#/metadata/c1662d7b-f63a-48cc-96f6-3072d328ae56"" target = ""_blank"">HELCOM Metadata catalogue: </a>"
BD,BD,"Species Groups, Abundance of waterbirds in the breeding season, 2018",,"<a href=""http://metadata.helcom.fi/geonetwork/srv/eng/catalog.search#/metadata/67d2f5e9-7f56-4ef0-87f0-a036528c56b9."" target = ""_blank"">HELCOM Metadata catalogue: </a>"
BD,BD,"Species Groups, Abundance of waterbirds in the wintering season, 2018",,"<a href=""http://metadata.helcom.fi/geonetwork/srv/eng/catalog.search#/metadata/cf3f0772-acd1-4674-8c78-44ea5abbe5f1."" target = ""_blank"">HELCOM Metadata catalogue: </a>"
LE,LIV,"EuroStat Data, Employment rates by sex, age and NUTS 2 regions % (lfst_r_lfe2emprt)",,"<a href=""https://appsso.eurostat.ec.europa.eu/nui/show.do?dataset=lfst_r_lfe2emprt&lang=en"" target = ""_blank"">eurostat database</a>"
LIV,LIV,"EuroStat Data, Employment rates by sex, age and NUTS 2 regions % (lfst_r_lfe2emprt)",,"<a href=""https://appsso.eurostat.ec.europa.eu/nui/show.do?dataset=lfst_r_lfe2emprt&lang=en"" target = ""_blank"">eurostat database</a>"
LE,LIV,"EuroStat Data, Population change - Demographic balance and crude rates at regional level (NUTS 3), Filter to NUTS2 Level ",,"<a href=""https://appsso.eurostat.ec.europa.eu/nui/show.do?dataset=demo_r_gind3&lang=en"" target = ""_blank"">eurostat database</a>"
LIV,LIV,"EuroStat Data, Population change - Demographic balance and crude rates at regional level (NUTS 3), Filter to NUTS2 Level ",,"<a href=""https://appsso.eurostat.ec.europa.eu/nui/show.do?dataset=demo_r_gind3&lang=en"" target = ""_blank"">eurostat database</a>"
LE,LIV,"EuroStat Data, Employment and population (subset to data for Russia)  ",,"<a href=""http://appsso.eurostat.ec.europa.eu/nui/show.do?dataset=naida_10_pe&lang=en"" target = ""_blank"">eurostat database</a>"
LIV,LIV,"EuroStat Data, Employment and population (subset to data for Russia)  ",,"<a href=""http://appsso.eurostat.ec.europa.eu/nui/show.do?dataset=naida_10_pe&lang=en"" target = ""_blank"">eurostat database</a>"
LE,LIV,"EuroStat Data, Population change - Demographic balance and crude rates at regional level (NUTS 3), Filter to NUTS3 Level ",,"<a href=""http://appsso.eurostat.ec.europa.eu/nui/show.do?dataset=demo_r_pjangrp3&lang=en"" target = ""_blank"">eurostat database</a>"
LIV,LIV,"EuroStat Data, Population change - Demographic balance and crude rates at regional level (NUTS 3), Filter to NUTS3 Level ",,"<a href=""http://appsso.eurostat.ec.europa.eu/nui/show.do?dataset=demo_r_pjangrp3&lang=en"" target = ""_blank"">eurostat database</a>"
LE,LIV,"EuroStat Data, Employment rate ",,"<a href=""https://ec.europa.eu/maritimeaffairs/sites/maritimeaffairs/files/2020_06_blueeconomy-2020-annexes-ld-part1_final.pdf"" target = ""_blank"">EU Blue Economy report</a>"
LIV,LIV,"EuroStat Data, Employment rate ",,"<a href=""https://ec.europa.eu/maritimeaffairs/sites/maritimeaffairs/files/2020_06_blueeconomy-2020-annexes-ld-part1_final.pdf"" target = ""_blank"">EU Blue Economy report</a>"
LE,LIV,"HYDE Database, Population density data  ",,"<a href=""https://themasites.pbl.nl/tridion/en/themasites/hyde/download/index-2.html"" target = ""_blank"">HYDE database, FTP-server</a>"
LIV,LIV,"HYDE Database, Population density data  ",,"<a href=""https://themasites.pbl.nl/tridion/en/themasites/hyde/download/index-2.html"" target = ""_blank"">HYDE database, FTP-server</a>"
LE,ECO,EU Baltic countries GVA Data,,"<a href=""https://ec.europa.eu/maritimeaffairs/sites/maritimeaffairs/files/2020_06_blueeconomy-2020-ld_final.pdf"" target = ""_blank"">2020 EU Blue economy report</a>"
ECO,ECO,EU Baltic countries GVA Data,,"<a href=""https://ec.europa.eu/maritimeaffairs/sites/maritimeaffairs/files/2020_06_blueeconomy-2020-ld_final.pdf"" target = ""_blank"">2020 EU Blue economy report</a>"
LE,ECO,Reference values,,"<a href=""https://ec.europa.eu/maritimeaffairs/sites/maritimeaffairs/files/2020_06_blueeconomy-2020-ld_final.pdf."" target = ""_blank"">2020 EU Blue economy report</a>"
ECO,ECO,Reference values,,"<a href=""https://ec.europa.eu/maritimeaffairs/sites/maritimeaffairs/files/2020_06_blueeconomy-2020-ld_final.pdf."" target = ""_blank"">2020 EU Blue economy report</a>"
NP,NP,"Landings (for F/FMSY) and SSB (for B/BMSY) Data, Sprat in subdivisions 22-32 (Baltic Sea)  ",,"<a href=""http://standardgraphs.ices.dk/ViewCharts.aspx?key=12942"" target = ""_blank"">ICES database</a>"
NP,NP,"FMSY and BMSY Reference Points, Sprat (Sprattus sprattus) in Subdivisions 22-32 (Baltic Sea) : ",,"<a href=""http://ices.dk/sites/pub/Publication%20Reports/Advice/2019/2019/spr.27.22-32.pdf"" target = ""_blank"">Reference points</a>"
FP,MAR,Rainbow trout mariculture Sweden,,"<a href=""https://www.scb.se/hitta-statistik/statistik-efter-amne/jord-och-skogsbruk-fiske/vattenbruk/vattenbruk/"" target = ""_blank"">Jorbruksverket database</a>"
MAR,MAR,Rainbow trout mariculture Sweden,,"<a href=""https://www.scb.se/hitta-statistik/statistik-efter-amne/jord-och-skogsbruk-fiske/vattenbruk/vattenbruk/"" target = ""_blank"">Jorbruksverket database</a>"
FP,MAR,Rainbow trout mariculture Denmark,,"<a href=""https://fiskeristyrelsen.dk/fiskeristatistik/akvakulturstatistik/"" target = ""_blank"">Ministry of Environment and Food of Denmark database</a>"
MAR,MAR,Rainbow trout mariculture Denmark,,"<a href=""https://fiskeristyrelsen.dk/fiskeristatistik/akvakulturstatistik/"" target = ""_blank"">Ministry of Environment and Food of Denmark database</a>"
FP,MAR,"Mariculture in Finland, Mariculture by Species (Rainbow Trout)",,"<a href=""http://statdb.luke.fi/PXWeb/pxweb/en/LUKE/LUKE__06%20Kala%20ja%20riista__02%20Rakenne%20ja%20tuotanto__10%20Vesiviljely/?tablelist=true&rxid=ef8a2896-d6cb-4660-a8aa-fee93bd4212f"" target = ""_blank"">Natural Resources Institute database</a>"
MAR,MAR,"Mariculture in Finland, Mariculture by Species (Rainbow Trout)",,"<a href=""http://statdb.luke.fi/PXWeb/pxweb/en/LUKE/LUKE__06%20Kala%20ja%20riista__02%20Rakenne%20ja%20tuotanto__10%20Vesiviljely/?tablelist=true&rxid=ef8a2896-d6cb-4660-a8aa-fee93bd4212f"" target = ""_blank"">Natural Resources Institute database</a>"
FP,MAR,"Mariculture in Finland, Total mariculture by Area",,"<a href=""http://statdb.luke.fi/PXWeb/pxweb/en/LUKE/LUKE__06%20Kala%20ja%20riista__02%20Rakenne%20ja%20tuotanto__10%20Vesiviljely/?tablelist=true&rxid=ef8a2896-d6cb-4660-a8aa-fee93bd4212f"" target = ""_blank"">Natural Resources Institute database</a>"
MAR,MAR,"Mariculture in Finland, Total mariculture by Area",,"<a href=""http://statdb.luke.fi/PXWeb/pxweb/en/LUKE/LUKE__06%20Kala%20ja%20riista__02%20Rakenne%20ja%20tuotanto__10%20Vesiviljely/?tablelist=true&rxid=ef8a2896-d6cb-4660-a8aa-fee93bd4212f"" target = ""_blank"">Natural Resources Institute database</a>"
FP,MAR,Finfish Mariculture,,"<a href=""http://maps.helcom.fi/website/mapservice/?datasetID=3cfa469a-6a78-4913-b82f-57fd0e7f4dc0"" target = ""_blank"">HELCOM database</a>"
MAR,MAR,Finfish Mariculture,,"<a href=""http://maps.helcom.fi/website/mapservice/?datasetID=3cfa469a-6a78-4913-b82f-57fd0e7f4dc0"" target = ""_blank"">HELCOM database</a>"
FP,MAR,"All Baltic countries, Aquaculture Production (FAO)",,"<a href=""http://www.fao.org/fishery/statistics/software/fishstatj/en#downlApp"" target = ""_blank"">FAO FishStatJ</a>"
MAR,MAR,"All Baltic countries, Aquaculture Production (FAO)",,"<a href=""http://www.fao.org/fishery/statistics/software/fishstatj/en#downlApp"" target = ""_blank"">FAO FishStatJ</a>"
FP,MAR,Reference Point: maximum nutrient discharge (N and P),,"<a href=""http://www.helcom.fi/Recommendations/Rec%2025-4.pdf,"" target = ""_blank"">maximum nutrient discharge for P and N</a>"
MAR,MAR,Reference Point: maximum nutrient discharge (N and P),,"<a href=""http://www.helcom.fi/Recommendations/Rec%2025-4.pdf,"" target = ""_blank"">maximum nutrient discharge for P and N</a>"
FP,FIS,"Landings (for F/FMSY) and SSB (for B/BMSY) Data, Cod in subdivisions 22-24, western Baltic stock  ",,"<a href=""http://standardgraphs.ices.dk/ViewCharts.aspx?key=10446"" target = ""_blank"">ICES database</a>"
FIS,FIS,"Landings (for F/FMSY) and SSB (for B/BMSY) Data, Cod in subdivisions 22-24, western Baltic stock  ",,"<a href=""http://standardgraphs.ices.dk/ViewCharts.aspx?key=10446"" target = ""_blank"">ICES database</a>"
FP,FIS,"Landings (for F/FMSY) and SSB (for B/BMSY) Data, Cod in subdivisions 24-32, eastern Baltic stock  ",,"<a href=""http://standardgraphs.ices.dk/ViewCharts.aspx?key=12941"" target = ""_blank"">ICES database</a>"
FIS,FIS,"Landings (for F/FMSY) and SSB (for B/BMSY) Data, Cod in subdivisions 24-32, eastern Baltic stock  ",,"<a href=""http://standardgraphs.ices.dk/ViewCharts.aspx?key=12941"" target = ""_blank"">ICES database</a>"
FP,FIS,"Landings (for F/FMSY) and SSB (for B/BMSY) Data, Herring in subdivisions 20-24 -Skagerrak, Kattegat and western Batic-  ",,"<a href=""http://standardgraphs.ices.dk/ViewCharts.aspx?key=12592"" target = ""_blank"">ICES database</a>"
FIS,FIS,"Landings (for F/FMSY) and SSB (for B/BMSY) Data, Herring in subdivisions 20-24 -Skagerrak, Kattegat and western Batic-  ",,"<a href=""http://standardgraphs.ices.dk/ViewCharts.aspx?key=12592"" target = ""_blank"">ICES database</a>"
FP,FIS,"Landings (for F/FMSY) and SSB (for B/BMSY) Data, Herring in subdivisions 25-29,32 -central Baltic Sea (excluding Gulf of Riga)-  ",,"<a href=""http://standardgraphs.ices.dk/ViewCharts.aspx?key=10408"" target = ""_blank"">ICES database</a>"
FIS,FIS,"Landings (for F/FMSY) and SSB (for B/BMSY) Data, Herring in subdivisions 25-29,32 -central Baltic Sea (excluding Gulf of Riga)-  ",,"<a href=""http://standardgraphs.ices.dk/ViewCharts.aspx?key=10408"" target = ""_blank"">ICES database</a>"
FP,FIS,"Landings (for F/FMSY) and SSB (for B/BMSY) Data, Herring in subdivision 28.1 (Gulf of Riga)  ",,"<a href=""http://standardgraphs.ices.dk/ViewCharts.aspx?key=10404"" target = ""_blank"">ICES database</a>"
FIS,FIS,"Landings (for F/FMSY) and SSB (for B/BMSY) Data, Herring in subdivision 28.1 (Gulf of Riga)  ",,"<a href=""http://standardgraphs.ices.dk/ViewCharts.aspx?key=10404"" target = ""_blank"">ICES database</a>"
FP,FIS,"Landings (for F/FMSY) and SSB (for B/BMSY) Data, Herring in subdivisions 30-31 (Gulf of Bothnia)  ",,"<a href=""http://standardgraphs.ices.dk/ViewCharts.aspx?key=12738"" target = ""_blank"">ICES database</a>"
FIS,FIS,"Landings (for F/FMSY) and SSB (for B/BMSY) Data, Herring in subdivisions 30-31 (Gulf of Bothnia)  ",,"<a href=""http://standardgraphs.ices.dk/ViewCharts.aspx?key=12738"" target = ""_blank"">ICES database</a>"
FP,FIS,"Cod Trawl Survey, Baltic International Trawl Survey (BITS) Cod Length and Weight - ICES subdivisions 21-29  ",,"<a href=""https://datras.ices.dk/Data_products/Download/Download_Data_public.aspx"" target = ""_blank"">ICES DATRAS database</a>"
FIS,FIS,"Cod Trawl Survey, Baltic International Trawl Survey (BITS) Cod Length and Weight - ICES subdivisions 21-29  ",,"<a href=""https://datras.ices.dk/Data_products/Download/Download_Data_public.aspx"" target = ""_blank"">ICES DATRAS database</a>"
FP,FIS,"Cod Trawl Survey, Baltic International Trawl Survey (BITS) Cod CPUE - ICES subdivisions 21-29  ",,"<a href=""https://datras.ices.dk/Data_products/Download/Download_Data_public.aspx"" target = ""_blank"">ICES DATRAS database</a>"
FIS,FIS,"Cod Trawl Survey, Baltic International Trawl Survey (BITS) Cod CPUE - ICES subdivisions 21-29  ",,"<a href=""https://datras.ices.dk/Data_products/Download/Download_Data_public.aspx"" target = ""_blank"">ICES DATRAS database</a>"
FP,FIS,"FMSY and BMSY Reference Points, Cod (Gadus morhua) in subdivisions 22–24, western Baltic stock (western Baltic Sea) : ",,"<a href=""http://ices.dk/sites/pub/Publication%20Reports/Advice/2019/2019/cod.27.22-24.pdf"" target = ""_blank"">Reference points</a>"
FIS,FIS,"FMSY and BMSY Reference Points, Cod (Gadus morhua) in subdivisions 22–24, western Baltic stock (western Baltic Sea) : ",,"<a href=""http://ices.dk/sites/pub/Publication%20Reports/Advice/2019/2019/cod.27.22-24.pdf"" target = ""_blank"">Reference points</a>"
FP,FIS,"FMSY and BMSY Reference Points, Cod (Gadus morhua) in subdivisions 24–32, eastern Baltic stock (eastern Baltic Sea) : ",,"<a href=""http://ices.dk/sites/pub/Publication%20Reports/Advice/2019/2019/cod.27.24-32.pdf"" target = ""_blank"">Reference points</a>"
FIS,FIS,"FMSY and BMSY Reference Points, Cod (Gadus morhua) in subdivisions 24–32, eastern Baltic stock (eastern Baltic Sea) : ",,"<a href=""http://ices.dk/sites/pub/Publication%20Reports/Advice/2019/2019/cod.27.24-32.pdf"" target = ""_blank"">Reference points</a>"
FP,FIS,"FMSY and BMSY Reference Points, Herring (Clupea harengus) in Subdivisions 20-24 (Skagerrak, Kattegat and western Baltic) : ",,"<a href=""http://ices.dk/sites/pub/Publication%20Reports/Advice/2019/2019/her.27.20-24.pdf"" target = ""_blank"">Reference points</a>"
FIS,FIS,"FMSY and BMSY Reference Points, Herring (Clupea harengus) in Subdivisions 20-24 (Skagerrak, Kattegat and western Baltic) : ",,"<a href=""http://ices.dk/sites/pub/Publication%20Reports/Advice/2019/2019/her.27.20-24.pdf"" target = ""_blank"">Reference points</a>"
FP,FIS,"FMSY and BMSY Reference Points, Herring (Clupea harengus) in Subdivisions 25-29,32 (excluding Gulf of Riga) : ",,"<a href=""http://ices.dk/sites/pub/Publication%20Reports/Advice/2019/2019/her.27.25-2932.pdf"" target = ""_blank"">Reference points</a>"
FIS,FIS,"FMSY and BMSY Reference Points, Herring (Clupea harengus) in Subdivisions 25-29,32 (excluding Gulf of Riga) : ",,"<a href=""http://ices.dk/sites/pub/Publication%20Reports/Advice/2019/2019/her.27.25-2932.pdf"" target = ""_blank"">Reference points</a>"
FP,FIS,"FMSY and BMSY Reference Points, Herring (Clupea harengus) in Subdivision 28.1 (Gulf of Riga) : ",,"<a href=""http://ices.dk/sites/pub/Publication%20Reports/Advice/2019/2019/her.27.28.pdf"" target = ""_blank"">Reference points</a>"
FIS,FIS,"FMSY and BMSY Reference Points, Herring (Clupea harengus) in Subdivision 28.1 (Gulf of Riga) : ",,"<a href=""http://ices.dk/sites/pub/Publication%20Reports/Advice/2019/2019/her.27.28.pdf"" target = ""_blank"">Reference points</a>"
FP,FIS,"FMSY and BMSY Reference Points, Herring (Clupea harengus) in Subdivisions 30 and 31 (Gulf of Bothnia) : ",,"<a href=""http://ices.dk/sites/pub/Publication%20Reports/Advice/2019/2019/her.27.3031.pdf"" target = ""_blank"">Reference points</a>"
FIS,FIS,"FMSY and BMSY Reference Points, Herring (Clupea harengus) in Subdivisions 30 and 31 (Gulf of Bothnia) : ",,"<a href=""http://ices.dk/sites/pub/Publication%20Reports/Advice/2019/2019/her.27.3031.pdf"" target = ""_blank"">Reference points</a>"
CW,EUT,"Secchi Depth, ICES Secchi Depth Data",,"<a href=""http://ecosystemdata.ices.dk/inventory/Index.aspx?"" target = ""_blank"">ICES data portal</a>"
EUT,EUT,"Secchi Depth, ICES Secchi Depth Data",,"<a href=""http://ecosystemdata.ices.dk/inventory/Index.aspx?"" target = ""_blank"">ICES data portal</a>"
CW,EUT,"Secchi Depth, SMHI Secchi Depth Data  ",,"<a href=""http://www.smhi.se/klimatdata/oceanografi/havsmiljodata/marina-miljoovervakningsdata"" target = ""_blank"">SMHI Shark database</a>"
EUT,EUT,"Secchi Depth, SMHI Secchi Depth Data  ",,"<a href=""http://www.smhi.se/klimatdata/oceanografi/havsmiljodata/marina-miljoovervakningsdata"" target = ""_blank"">SMHI Shark database</a>"
CW,EUT,"Oxygen Debt, ICES Oxygen Data",,"<a href=""https://ocean.ices.dk/HydChem/HydChem.aspx?plot=yes"" target = ""_blank"">ICES database</a>"
EUT,EUT,"Oxygen Debt, ICES Oxygen Data",,"<a href=""https://ocean.ices.dk/HydChem/HydChem.aspx?plot=yes"" target = ""_blank"">ICES database</a>"
CW,EUT,"Oxygen Debt, ICES CTD Data",,"<a href=""https://ocean.ices.dk/HydChem/HydChem.aspx?plot=yes"" target = ""_blank"">ICES database</a>"
EUT,EUT,"Oxygen Debt, ICES CTD Data",,"<a href=""https://ocean.ices.dk/HydChem/HydChem.aspx?plot=yes"" target = ""_blank"">ICES database</a>"
CW,EUT,"Oxygen Debt, ICES Hydrogen Sulphide",,"<a href=""https://ocean.ices.dk/HydChem/HydChem.aspx?plot=yes"" target = ""_blank"">ICES database</a>"
EUT,EUT,"Oxygen Debt, ICES Hydrogen Sulphide",,"<a href=""https://ocean.ices.dk/HydChem/HydChem.aspx?plot=yes"" target = ""_blank"">ICES database</a>"
CW,EUT,"Oxygen Debt, SMHI CTD Data",,"<a href=""https://sharkweb.smhi.se/"" target = ""_blank"">SMHI database</a>"
EUT,EUT,"Oxygen Debt, SMHI CTD Data",,"<a href=""https://sharkweb.smhi.se/"" target = ""_blank"">SMHI database</a>"
CW,EUT,"Chlorophyll a, and Nutrients (DIN and DIP), Baltic Nest Datasets",,"<a href=""http://nest.su.se/dataPortal/getStations"" target = ""_blank"">Baltic Nest database</a>"
EUT,EUT,"Chlorophyll a, and Nutrients (DIN and DIP), Baltic Nest Datasets",,"<a href=""http://nest.su.se/dataPortal/getStations"" target = ""_blank"">Baltic Nest database</a>"
CW,EUT,"Chlorophyll a, and Nutrients (DIN and DIP), Chlorophyll a Data from SMHI",,"<a href=""http://www.smhi.se/klimatdata/oceanografi/havsmiljodata/marina-miljoovervakningsdata"" target = ""_blank"">SMHI Shark database</a>"
EUT,EUT,"Chlorophyll a, and Nutrients (DIN and DIP), Chlorophyll a Data from SMHI",,"<a href=""http://www.smhi.se/klimatdata/oceanografi/havsmiljodata/marina-miljoovervakningsdata"" target = ""_blank"">SMHI Shark database</a>"
CW,EUT,"Chlorophyll a, and Nutrients (DIN and DIP), Chlorophyll a Data from ICES",,"<a href=""https://ocean.ices.dk/HydChem/HydChem.aspx?plot=yes"" target = ""_blank"">ICES database</a>"
EUT,EUT,"Chlorophyll a, and Nutrients (DIN and DIP), Chlorophyll a Data from ICES",,"<a href=""https://ocean.ices.dk/HydChem/HydChem.aspx?plot=yes"" target = ""_blank"">ICES database</a>"
CW,EUT,"HELCOM HOLAS Sub-basins, HELCOM HOLAS Sub-basins",,"<a href=""http://metadata.helcom.fi/geonetwork/srv/eng/catalog.search#/metadata/e5a59af9-c244-4069-9752-be3acc5dabed"" target = ""_blank"">HELCOM</a>"
EUT,EUT,"HELCOM HOLAS Sub-basins, HELCOM HOLAS Sub-basins",,"<a href=""http://metadata.helcom.fi/geonetwork/srv/eng/catalog.search#/metadata/e5a59af9-c244-4069-9752-be3acc5dabed"" target = ""_blank"">HELCOM</a>"
CW,EUT,"HELCOM HOLAS Sub-basins, HELCOM HOLAS Sub-basins with Coastal WFD Water Bodies",,"<a href=""http://metadata.helcom.fi/geonetwork/srv/eng/catalog.search#/metadata/67d653b1-aad1-4af4-920e-0683af3c4a48"" target = ""_blank"">HELCOM</a>"
EUT,EUT,"HELCOM HOLAS Sub-basins, HELCOM HOLAS Sub-basins with Coastal WFD Water Bodies",,"<a href=""http://metadata.helcom.fi/geonetwork/srv/eng/catalog.search#/metadata/67d653b1-aad1-4af4-920e-0683af3c4a48"" target = ""_blank"">HELCOM</a>"
CW,EUT,"Reference Values, Offshore reference values",,"<a href=""http://stateofthebalticsea.helcom.fi/wp-content/uploads/2019/09/BSEP156-Eutrophication.pdf"" target = ""_blank"">Baltic Sea Environment Proceedings no.156</a>"
EUT,EUT,"Reference Values, Offshore reference values",,"<a href=""http://stateofthebalticsea.helcom.fi/wp-content/uploads/2019/09/BSEP156-Eutrophication.pdf"" target = ""_blank"">Baltic Sea Environment Proceedings no.156</a>"
CW,EUT,"Reference Values, Coastal Chlorophyll a Reference Values",,"<a href=""https://helcom.fi/media/core%20indicators/Chlorophyll-a-HELCOM-core-indicator-2018.pdf"" target = ""_blank"">HELCOM Chlorophyll a core indicator</a>"
EUT,EUT,"Reference Values, Coastal Chlorophyll a Reference Values",,"<a href=""https://helcom.fi/media/core%20indicators/Chlorophyll-a-HELCOM-core-indicator-2018.pdf"" target = ""_blank"">HELCOM Chlorophyll a core indicator</a>"
CW,EUT,"Reference Values, 2.1.5.3 Coastal DIN Reference Values",,"<a href=""https://helcom.fi/media/core%20indicators/Dissolved-inorganic-nitrogen-DIN-HELCOM-core-indicator-2018.pdf"" target = ""_blank"">HELCOM DIN core indicator</a>"
EUT,EUT,"Reference Values, 2.1.5.3 Coastal DIN Reference Values",,"<a href=""https://helcom.fi/media/core%20indicators/Dissolved-inorganic-nitrogen-DIN-HELCOM-core-indicator-2018.pdf"" target = ""_blank"">HELCOM DIN core indicator</a>"
CW,EUT,"Reference Values, Coastal DIP Reference Values",,"<a href=""https://helcom.fi/media/core%20indicators/Dissolved-inorganic-phosphorus-DIP-HELCOM-core-indicator-2018.pdf"" target = ""_blank"">HELCOM DIP core indicator</a>"
EUT,EUT,"Reference Values, Coastal DIP Reference Values",,"<a href=""https://helcom.fi/media/core%20indicators/Dissolved-inorganic-phosphorus-DIP-HELCOM-core-indicator-2018.pdf"" target = ""_blank"">HELCOM DIP core indicator</a>"
CW,CON,"PCB Data, PCB Data in Biota",,"<a href=""http://dome.ices.dk/views/ContaminantsBiota.aspx"" target = ""_blank"">ICES Database</a>"
CON,CON,"PCB Data, PCB Data in Biota",,"<a href=""http://dome.ices.dk/views/ContaminantsBiota.aspx"" target = ""_blank"">ICES Database</a>"
CW,CON,"PCB Data, PCB Congeners",,"<a href=""https://vocab.ices.dk/?CodeID=26983"" target = ""_blank"">Reference</a>"
CON,CON,"PCB Data, PCB Congeners",,"<a href=""https://vocab.ices.dk/?CodeID=26983"" target = ""_blank"">Reference</a>"
CW,CON,"PCB Data, PCBs in Sediment",,"<a href=""http://dome.ices.dk/views/ContaminantsSediment.aspx"" target = ""_blank"">ICES Database</a>"
CON,CON,"PCB Data, PCBs in Sediment",,"<a href=""http://dome.ices.dk/views/ContaminantsSediment.aspx"" target = ""_blank"">ICES Database</a>"
CW,CON,"PFOS Data, PFOS in Biota  ",,"<a href=""http://dome.ices.dk/views/ContaminantsBiota.aspx"" target = ""_blank"">ICES Database</a>"
CON,CON,"PFOS Data, PFOS in Biota  ",,"<a href=""http://dome.ices.dk/views/ContaminantsBiota.aspx"" target = ""_blank"">ICES Database</a>"
CW,CON,"Dioxin Data, Dioxins in Biota  ",,"<a href=""http://dome.ices.dk/views/ContaminantsBiota.aspx"" target = ""_blank"">ICES Database</a>"
CON,CON,"Dioxin Data, Dioxins in Biota  ",,"<a href=""http://dome.ices.dk/views/ContaminantsBiota.aspx"" target = ""_blank"">ICES Database</a>"
CW,CON,"Dioxin Data, Dioxin Congeners",,"<a href=""https://vocab.ices.dk/?CodeID=26986"" target = ""_blank"">Reference</a>"
CON,CON,"Dioxin Data, Dioxin Congeners",,"<a href=""https://vocab.ices.dk/?CodeID=26986"" target = ""_blank"">Reference</a>"
CW,CON,"Dioxin Data, Dioxins in Sediment  ",,"<a href=""http://dome.ices.dk/views/ContaminantsSediment.aspx"" target = ""_blank"">ICES Database</a>"
CON,CON,"Dioxin Data, Dioxins in Sediment  ",,"<a href=""http://dome.ices.dk/views/ContaminantsSediment.aspx"" target = ""_blank"">ICES Database</a>"
CW,CON,Concerning Substances Datasets,,"<a href=""https://echa.europa.eu/candidate-list-table?p_p_id=disslists_WAR_disslistsportlet&p_p_lifecycle=1&p_p_state=normal&p_p_mode=view&p_p_col_id=column-1&p_p_col_pos=2&p_p_col_count=3&_disslists_WAR_disslistsportlet_javax.portlet.action=searchDissLists"" target = ""_blank"">European Chemical Agency Candidate List of substances of very high concern for Authorisation</a>"
CON,CON,Concerning Substances Datasets,,"<a href=""https://echa.europa.eu/candidate-list-table?p_p_id=disslists_WAR_disslistsportlet&p_p_lifecycle=1&p_p_state=normal&p_p_mode=view&p_p_col_id=column-1&p_p_col_pos=2&p_p_col_count=3&_disslists_WAR_disslistsportlet_javax.portlet.action=searchDissLists"" target = ""_blank"">European Chemical Agency Candidate List of substances of very high concern for Authorisation</a>"
